sic_level,sic_code,sector_name,year,company_count,mean_MAD,median_MAD,std_MAD,min_MAD,max_MAD,percentile_25,percentile_75,percentile_90,percentile_95,mean_chi_square,mean_p_value,mean_KS_test
sic_major_group,13,Oil & Gas Extraction,2014,6,1.5421833333333332,1.37025,0.5181690053018951,0.8586,2.5296,1.33325,1.695175,2.16155,2.3455749999999997,49.068066666666674,0.00016666666666666666,0.9039166666666666
sic_major_group,15,Building Construction,2014,5,1.49926,1.0017,0.8264674430369293,0.8647,3.0824,0.9936,1.5539,2.471,2.7766999999999995,74.20400000000001,0.04424,0.90564
sic_major_group,16,Heavy Construction,2014,3,1.2380333333333333,1.0379,0.30564822190805485,1.0063,1.6699,1.0221,1.3538999999999999,1.5434999999999999,1.6066999999999998,30.8633,0.021666666666666667,0.9103333333333333
sic_major_group,20,Food & Kindred Products,2014,8,1.2330875,0.9761,0.8383107112483712,0.5781,3.2687,0.634525,1.3088,2.0859799999999997,2.677339999999999,37.010262499999996,0.0356625,0.9088875000000001
sic_major_group,23,Apparel & Other Finished Products,2014,5,1.18414,1.3384,0.30700660318631584,0.5951,1.448,1.1794,1.3598,1.41272,1.4303599999999999,28.81524,0.0036200000000000004,0.9062199999999999
sic_major_group,25,Furniture & Fixtures,2014,5,1.08454,0.9023,0.5173694911762772,0.5951,2.0523,0.7301,1.1429,1.68854,1.8704199999999997,42.314919999999994,0.0661,0.91022
sic_major_group,28,Chemicals & Allied Products,2014,24,1.5489708333333334,1.4374500000000001,0.6205933340220784,0.6875,3.6966,1.178075,1.866975,2.10247,2.3939449999999995,42.98820416666666,0.021029166666666665,0.8975791666666666
sic_major_group,30,Rubber & Miscellaneous Plastics,2014,4,1.109125,1.1802,0.28827401352706067,0.6923,1.3838,0.914825,1.3744999999999998,1.38008,1.38194,25.43085,0.07362500000000001,0.9103
sic_major_group,33,Primary Metal Industries,2014,6,1.13545,1.09005,0.29793294407746634,0.8057,1.7149,0.9173499999999999,1.211675,1.4687000000000001,1.5918,39.06928333333333,0.020649999999999998,0.9050000000000001
sic_major_group,34,Fabricated Metal Products,2014,11,1.5277818181818184,1.4973,0.29433941390597423,1.0264,1.9901,1.34835,1.7223000000000002,1.9201,1.9550999999999998,55.06204545454546,0.0016090909090909092,0.9003545454545455
sic_major_group,35,Industrial Machinery & Equipment,2014,22,1.2916409090909091,1.24645,0.400122195720588,0.6805,2.1655,0.997275,1.46095,1.9077700000000004,2.05069,36.16850909090909,0.027745454545454542,0.9020772727272728
sic_major_group,36,Electronic & Electrical Equipment,2014,14,1.5907285714285717,1.5738500000000002,0.5006487582963464,0.8967,2.6091,1.172725,1.9437,2.18906,2.400385,41.076750000000004,0.027771428571428575,0.9086214285714285
sic_major_group,37,Transportation Equipment,2014,15,1.30824,1.2476,0.4125235569839214,0.559,2.0236,1.0343,1.52955,1.94452,1.97908,36.68394,0.023486666666666663,0.9050999999999999
sic_major_group,38,Measuring & Analyzing Instruments,2014,17,1.4778,1.4235,0.6334713624614956,0.6439,2.8468,0.8482,2.0971,2.1347,2.3131199999999996,40.95980588235294,0.04814705882352941,0.9106529411764706
sic_major_group,44,Water Transportation,2014,3,1.6869666666666667,1.8139,0.44995114796559366,1.0835,2.1635,1.4487,1.9887000000000001,2.09358,2.12854,40.6122,0.18503333333333336,0.9071000000000001
sic_major_group,45,Transportation by Air,2014,4,1.2451750000000001,1.2538,0.07862713828570897,1.1328,1.3403,1.194975,1.304,1.32578,1.33304,35.803475,0.00035,0.908975
sic_major_group,48,Communications,2014,5,1.71584,1.548,0.5937290176503084,1.0006,2.8025,1.5109,1.7172,2.36838,2.58544,58.0452,0.00078,0.90352
sic_major_group,49,"Electric, Gas & Sanitary Services",2014,20,0.861665,0.8027500000000001,0.3582035081835464,0.4749,2.1544,0.6569,0.9848,1.1158300000000003,1.2671950000000005,40.183555,0.015735000000000002,0.9037549999999998
sic_major_group,50,Wholesale Trade - Durable Goods,2014,3,2.0410999999999997,2.2157,0.5088582186293807,1.3492,2.5584,1.7824499999999999,2.38705,2.4898599999999997,2.52413,62.2226,9.999999999999999e-05,0.9054666666666668
sic_major_group,51,Wholesale Trade - Nondurable Goods,2014,3,1.441,1.4399,0.1764874499787449,1.2254,1.6577,1.3326500000000001,1.5488,1.61414,1.63592,64.07549999999999,0.0012666666666666666,0.9101333333333335
sic_major_group,52,Building Materials & Hardware,2014,3,1.9838000000000002,1.8768,0.19363477649086344,1.819,2.2556,1.8479,2.0662,2.17984,2.21772,48.07366666666667,3.3333333333333335e-05,0.886
sic_major_group,58,Eating & Drinking Places,2014,10,1.2509899999999998,1.25255,0.3348714871409627,0.5442,1.8614,1.089475,1.3797249999999999,1.64153,1.7514649999999996,26.118270000000003,0.09727999999999999,0.90768
sic_major_group,59,Miscellaneous Retail,2014,3,1.3367666666666667,0.9703,0.6429036855462014,0.7994,2.2406,0.88485,1.60545,1.9865400000000002,2.11357,34.86066666666667,0.005333333333333333,0.908
sic_major_group,60,Depository Institutions (Banks),2014,28,1.1436178571428572,1.1132499999999999,0.33615004096127266,0.4839,1.916,0.893825,1.343175,1.56168,1.6869749999999997,53.20601071428572,0.0016428571428571427,0.9028642857142856
sic_major_group,61,Non-Depository Credit Institutions,2014,3,1.2128333333333332,1.0003,0.39666776470436255,0.8695,1.7687,0.9349000000000001,1.3845,1.61502,1.69186,50.97946666666667,0.0192,0.9085666666666666
sic_major_group,62,Security & Commodity Brokers,2014,9,1.475377777777778,1.3472,0.4240150017728088,0.9103,2.0321,1.0991,1.9034,1.99962,2.01586,64.37719999999999,0.0038,0.9006555555555555
sic_major_group,63,Insurance Carriers,2014,7,1.0617,0.9344,0.4753570447568859,0.3429,1.9719,0.8548,1.23655,1.6379400000000002,1.8049199999999996,48.430299999999995,0.05094285714285714,0.9048285714285714
sic_major_group,67,Holding & Investment Offices,2014,34,1.522223529411765,1.3512,0.5922122041468619,0.5904,2.8905,1.0907499999999999,1.77965,2.5469999999999997,2.764135,71.53979705882352,0.0013205882352941175,0.9036529411764705
sic_major_group,73,Business Services,2014,30,1.46415,1.37765,0.4657883487522346,0.7904,2.3281,1.0621,1.855225,2.13871,2.2431249999999996,37.123866666666665,0.015606666666666665,0.9062400000000002
sic_major_group,80,Health Services,2014,6,1.32545,1.1896499999999999,0.7695991830167183,0.3605,2.8246,0.90025,1.4858,2.1658500000000003,2.495225,43.35641666666667,0.03551666666666667,0.9039833333333335
sic_major_group,13,Oil & Gas Extraction,2015,6,1.3405000000000002,1.2448000000000001,0.43866444275018845,0.8832,2.1446,0.973975,1.5426250000000001,1.88535,2.014975,41.23758333333333,0.007133333333333333,0.9006833333333333
sic_major_group,15,Building Construction,2015,5,1.4961,1.705,0.7366618708742838,0.4286,2.503,0.9193,1.9246,2.27164,2.38732,43.613719999999994,0.10713999999999999,0.9032199999999999
sic_major_group,16,Heavy Construction,2015,3,1.4172333333333331,1.0489,0.5527389337552485,1.0043,2.1985,1.0266,1.6237,1.9685800000000002,2.08354,38.642633333333336,0.019866666666666668,0.9030999999999999
sic_major_group,20,Food & Kindred Products,2015,8,1.0946,0.9008499999999999,0.7790780416620662,0.4144,2.9134,0.5230250000000001,1.2585,1.8876899999999996,2.4005449999999993,30.4881,0.1237875,0.905975
sic_major_group,23,Apparel & Other Finished Products,2015,5,1.27936,1.3576,0.48727593661086943,0.6463,2.0449,0.8807,1.4673,1.8138600000000002,1.92938,37.8467,0.010020000000000001,0.9013199999999999
sic_major_group,25,Furniture & Fixtures,2015,5,1.14942,1.0193,0.4242172575461777,0.7809,1.9629,0.8583,1.1257,1.62802,1.7954599999999998,37.709199999999996,0.039,0.9075799999999999
sic_major_group,28,Chemicals & Allied Products,2015,26,1.543669230769231,1.5709499999999998,0.4576220373334904,0.8261,2.6335,1.1899,1.80525,2.0333,2.3286,40.75480384615385,0.01008076923076923,0.9027346153846155
sic_major_group,30,Rubber & Miscellaneous Plastics,2015,4,1.046575,1.04545,0.24327452985259265,0.7043,1.3911,0.94445,1.147575,1.29369,1.3423949999999998,21.50875,0.06355000000000001,0.9067500000000001
sic_major_group,33,Primary Metal Industries,2015,6,1.1002833333333333,1.2012999999999998,0.23859938821286936,0.6935,1.3881,0.9518,1.236975,1.31635,1.3522249999999998,49.36191666666667,0.013033333333333334,0.9008666666666668
sic_major_group,34,Fabricated Metal Products,2015,11,1.3951363636363636,1.4392,0.31576049978289,0.8657,1.8714,1.19465,1.5727,1.7584,1.8149,42.72993636363636,0.007272727272727273,0.8992818181818181
sic_major_group,35,Industrial Machinery & Equipment,2015,23,1.224630434782609,1.1545,0.41162507469443876,0.6456,2.2959,1.00045,1.3422,1.69136,2.0424099999999994,32.110247826086955,0.026586956521739126,0.9014782608695653
sic_major_group,36,Electronic & Electrical Equipment,2015,14,1.6386714285714288,1.65605,0.6239554544866753,0.5809,2.5468,1.129725,2.1456749999999998,2.4889900000000003,2.542315,53.128921428571424,0.07328571428571429,0.9074428571428571
sic_major_group,37,Transportation Equipment,2015,15,1.34624,1.2333,0.4696761519742442,0.5895,2.3365,1.19075,1.6633499999999999,1.8919599999999999,2.0519499999999997,35.33090000000001,0.011906666666666666,0.9057333333333334
sic_major_group,38,Measuring & Analyzing Instruments,2015,17,1.3836176470588235,1.4259,0.4115816826017494,0.6784,2.1163,1.0628,1.6711,1.97086,2.00542,36.08618823529412,0.03875882352941177,0.9076411764705883
sic_major_group,44,Water Transportation,2015,3,1.9988333333333335,1.9429,0.36962721160049294,1.5767,2.4769,1.7598,2.2099,2.3701000000000003,2.4235,48.0405,0.0002666666666666667,0.9112333333333332
sic_major_group,45,Transportation by Air,2015,4,1.143425,1.1869,0.19965365480000608,0.8244,1.3755,1.09335,1.2369750000000002,1.32009,1.3477949999999999,38.561550000000004,0.037575,0.908725
sic_major_group,48,Communications,2015,6,1.6029833333333332,1.33805,0.8215047644752618,0.627,3.2217,1.17395,1.8149,2.58,2.9008499999999997,45.71978333333333,0.03698333333333333,0.9061666666666666
sic_major_group,49,"Electric, Gas & Sanitary Services",2015,20,0.9393899999999998,0.93025,0.34650669243176246,0.4292,2.0602,0.74905,1.096725,1.19439,1.2521300000000006,44.815395,0.010105,0.90575
sic_major_group,50,Wholesale Trade - Durable Goods,2015,3,2.0928666666666667,2.335,0.3976762278817056,1.5322,2.4114,1.9336,2.3731999999999998,2.39612,2.40376,63.989866666666664,0.0,0.9086666666666666
sic_major_group,51,Wholesale Trade - Nondurable Goods,2015,4,1.8348499999999999,1.3165,0.9188566169430354,1.2806,3.4258,1.286975,1.8643750000000001,2.8012300000000003,3.1135149999999996,53.1164,0.001775,0.8896000000000001
sic_major_group,52,Building Materials & Hardware,2015,3,2.166766666666667,2.4033,0.365844469078809,1.65,2.447,2.02665,2.4251500000000004,2.43826,2.44263,102.94833333333334,0.0,0.8744333333333333
sic_major_group,58,Eating & Drinking Places,2015,11,1.265090909090909,1.292,0.28004543934721304,0.7709,1.6793,1.11385,1.4785,1.6085,1.6439,31.551763636363646,0.009554545454545454,0.9068545454545455
sic_major_group,59,Miscellaneous Retail,2015,3,1.3426666666666665,1.2872,0.620471849124161,0.612,2.1288,0.9496,1.708,1.96048,2.04464,33.670366666666666,0.05306666666666667,0.9042666666666666
sic_major_group,60,Depository Institutions (Banks),2015,28,1.2697035714285716,1.18375,0.5379162603988938,0.4175,2.5385,0.9455,1.5549250000000001,1.9870400000000001,2.3156999999999996,64.21901785714286,0.012310714285714286,0.9026857142857144
sic_major_group,61,Non-Depository Credit Institutions,2015,3,1.7478333333333333,1.8271,0.3668318446130628,1.2642,2.1522,1.54565,1.9896500000000001,2.08718,2.11969,50.29146666666667,0.0004333333333333333,0.9002333333333334
sic_major_group,62,Security & Commodity Brokers,2015,11,1.4414999999999998,1.2322,0.555544522395493,0.7643,2.4867,1.0669499999999998,1.6733,2.4552,2.47095,62.823163636363624,0.039099999999999996,0.9028727272727273
sic_major_group,63,Insurance Carriers,2015,7,1.0516142857142856,1.0524,0.3588180694150944,0.5486,1.7786,0.85155,1.1393,1.3985600000000002,1.5885799999999994,50.12147142857143,0.011257142857142858,0.9049857142857143
sic_major_group,67,Holding & Investment Offices,2015,34,1.5016676470588235,1.3684500000000002,0.5405661992004245,0.7308,2.8494,1.129625,1.8183,2.3316,2.56362,73.49261470588236,0.002052941176470588,0.9043441176470588
sic_major_group,73,Business Services,2015,33,1.4449939393939395,1.3992,0.4142274524793251,0.9018,2.4891,1.0241,1.737,1.9163999999999999,2.1226599999999993,37.0100696969697,0.008466666666666666,0.9065969696969696
sic_major_group,80,Health Services,2015,6,1.1595833333333334,1.0493000000000001,0.6803441957731559,0.4245,2.4937,0.670125,1.31005,1.94445,2.219075,33.638466666666666,0.05911666666666666,0.9073333333333334
sic_major_group,13,Oil & Gas Extraction,2016,7,1.6649142857142856,1.8534,0.5182748482874188,0.8826,2.4156,1.22375,2.02765,2.2303800000000003,2.32299,43.46467142857143,0.016414285714285715,0.9035142857142857
sic_major_group,15,Building Construction,2016,5,1.6364,1.8267,0.6023152895286653,0.6539,2.3878,1.3054,2.0082,2.23596,2.31188,51.87012,0.00023999999999999998,0.90524
sic_major_group,16,Heavy Construction,2016,3,1.3337333333333332,1.3059,0.2601872189191638,1.0299,1.6654,1.1679,1.4856500000000001,1.5935000000000001,1.62945,21.83463333333333,0.009666666666666667,0.8997333333333333
sic_major_group,20,Food & Kindred Products,2016,9,1.3986111111111112,1.3275,0.5723389622018765,0.5623,2.491,1.1349,1.7121,2.04508,2.26804,29.95356666666667,0.13468888888888889,0.9039555555555556
sic_major_group,23,Apparel & Other Finished Products,2016,5,1.3552,1.1981,0.5064421269997195,0.815,2.3074,1.1121,1.3434,1.9218,2.1146,39.10583999999999,0.00896,0.8981600000000001
sic_major_group,25,Furniture & Fixtures,2016,5,1.68412,1.3267,0.5714741827939386,1.2047,2.7054,1.2638,1.92,2.39124,2.54832,64.92069999999998,0.00282,0.91212
sic_major_group,28,Chemicals & Allied Products,2016,28,1.469192857142857,1.33995,0.7808808350320862,0.4971,4.3012,0.96495,1.840325,2.33306,2.5742899999999995,34.507535714285716,0.03817857142857144,0.9060714285714286
sic_major_group,30,Rubber & Miscellaneous Plastics,2016,4,0.9654,0.9111,0.2735785353422304,0.6405,1.3989,0.842775,1.033725,1.25283,1.3258649999999998,23.084024999999997,0.05467499999999999,0.908925
sic_major_group,33,Primary Metal Industries,2016,7,1.1633714285714285,0.9798,0.3474311142999047,0.8534,1.938,0.9592499999999999,1.22695,1.5766800000000003,1.7573399999999997,32.436,0.00537142857142857,0.9013285714285715
sic_major_group,34,Fabricated Metal Products,2016,11,1.4727272727272727,1.4723,0.37797805393461453,0.7797,2.1823,1.23885,1.71415,1.9108,2.04655,44.218709090909094,0.014454545454545454,0.9012272727272727
sic_major_group,35,Industrial Machinery & Equipment,2016,23,1.2886869565217394,1.1902,0.348559933470805,0.6894,2.2677,1.08615,1.4205,1.75122,1.86303,32.59550869565217,0.015356521739130435,0.9009260869565219
sic_major_group,36,Electronic & Electrical Equipment,2016,14,1.5967285714285713,1.6647,0.5576706124952402,0.6757,2.5969,1.1449500000000001,2.034875,2.16039,2.32013,44.78191428571428,0.042857142857142864,0.9086642857142857
sic_major_group,37,Transportation Equipment,2016,15,1.2632066666666666,1.1557,0.4317980939693407,0.4725,2.0598,0.93895,1.59025,1.80372,1.9058,30.426986666666664,0.036566666666666664,0.9056466666666666
sic_major_group,38,Measuring & Analyzing Instruments,2016,18,1.6525166666666669,1.5224,0.5242398520715493,0.9766,2.8021,1.296775,1.89145,2.4875100000000003,2.78918,38.294000000000004,0.0025111111111111115,0.9081055555555556
sic_major_group,44,Water Transportation,2016,3,1.8562333333333332,1.8251,0.060334640869809594,1.803,1.9406,1.81405,1.88285,1.9175,1.9290500000000002,58.608900000000006,0.0,0.9045000000000001
sic_major_group,45,Transportation by Air,2016,4,1.07505,0.97265,0.28057215203936403,0.8171,1.5378,0.87275,1.17495,1.3926600000000002,1.4652299999999998,40.7423,0.0817,0.907125
sic_major_group,48,Communications,2016,6,1.5202666666666669,1.26235,0.9040093264022347,0.5601,3.3523,0.956325,1.688225,2.5654,2.95885,57.883050000000004,0.03481666666666667,0.9040333333333334
sic_major_group,49,"Electric, Gas & Sanitary Services",2016,20,0.856855,0.9535,0.26963029962339174,0.328,1.242,0.675875,1.0416500000000002,1.16774,1.2256600000000002,41.277474999999995,0.013599999999999998,0.9035399999999999
sic_major_group,50,Wholesale Trade - Durable Goods,2016,3,2.0392333333333337,1.693,0.5698673549364116,1.5821,2.8426,1.63755,2.2678000000000003,2.61268,2.72764,62.80583333333333,0.0,0.9034
sic_major_group,51,Wholesale Trade - Nondurable Goods,2016,5,1.5774599999999999,1.7995,0.3414429650761603,1.0372,1.892,1.3121,1.8465,1.8738,1.8829,71.43534000000001,0.02452,0.89394
sic_major_group,52,Building Materials & Hardware,2016,3,1.9372999999999998,1.9593,0.6539538668744149,1.1256,2.727,1.54245,2.34315,2.57346,2.6502299999999996,43.075066666666665,0.0018333333333333333,0.8931333333333334
sic_major_group,58,Eating & Drinking Places,2016,11,1.3519363636363637,1.2948,0.3548042053474442,0.64,1.9564,1.22255,1.6139000000000001,1.7344,1.8454,26.03351818181818,0.04729090909090909,0.9103181818181817
sic_major_group,59,Miscellaneous Retail,2016,3,1.4557666666666667,1.0097,0.6762318948079539,0.9462,2.4114,0.9779500000000001,1.71055,2.13106,2.27123,37.7686,0.005433333333333334,0.9005000000000001
sic_major_group,60,Depository Institutions (Banks),2016,28,1.2589357142857143,1.3085499999999999,0.4683551065883097,0.3384,2.285,0.9096,1.536025,1.90423,2.1165799999999995,63.26572857142857,0.0010607142857142857,0.9013964285714288
sic_major_group,61,Non-Depository Credit Institutions,2016,3,1.3282,1.0369,0.5200585159383508,0.889,2.0587,0.96295,1.5478,1.85434,1.9565199999999998,39.552666666666674,0.029866666666666666,0.9069333333333333
sic_major_group,62,Security & Commodity Brokers,2016,11,1.3072636363636363,1.2817,0.3448706009577486,0.7292,2.1239,1.1271499999999999,1.4462,1.5893,1.8565999999999998,49.31393636363637,0.0014545454545454547,0.906490909090909
sic_major_group,63,Insurance Carriers,2016,7,1.0911000000000002,1.1,0.4130525597824775,0.493,1.9012,0.8434999999999999,1.22825,1.5565000000000002,1.7288499999999996,49.512471428571416,0.011399999999999999,0.9064285714285714
sic_major_group,67,Holding & Investment Offices,2016,34,1.3543970588235297,1.2438500000000001,0.49452521941596495,0.481,2.6997,1.0058,1.52545,1.92923,2.375834999999999,65.99055,0.013558823529411764,0.9002323529411765
sic_major_group,73,Business Services,2016,34,1.352970588235294,1.21255,0.44381251839925523,0.7718,2.6466,1.0998,1.655675,1.94727,2.1410299999999998,34.953,0.03972941176470588,0.9041588235294118
sic_major_group,80,Health Services,2016,6,1.2977166666666666,1.0972499999999998,0.6793359537486262,0.4619,2.333,0.805825,1.840475,2.1989,2.26595,45.36543333333333,0.10166666666666667,0.9070833333333334
sic_major_group,13,Oil & Gas Extraction,2017,7,1.660142857142857,1.6307,0.3094185369696007,1.1501,2.1298,1.4938,1.8614000000000002,2.0657200000000002,2.09776,54.287942857142866,1.4285714285714287e-05,0.9034571428571431
sic_major_group,15,Building Construction,2017,5,1.40652,1.2317,0.7004596816377086,0.4262,2.454,1.0369,1.8838,2.2259200000000003,2.33996,47.3789,0.03252,0.9087799999999999
sic_major_group,16,Heavy Construction,2017,3,1.2816666666666665,0.9436,0.7604163830136458,0.5666,2.3348,0.7551,1.6392,2.05656,2.19568,23.996233333333333,0.2519,0.9075333333333333
sic_major_group,20,Food & Kindred Products,2017,9,1.2190777777777777,1.0933,0.45986768091551866,0.4051,1.9064,0.9817,1.4653,1.84616,1.87628,29.381300000000003,0.07501111111111111,0.9046777777777779
sic_major_group,23,Apparel & Other Finished Products,2017,5,1.2902200000000001,1.2614,0.42984153545231063,0.818,1.9987,0.8894,1.4836,1.79266,1.8956799999999998,43.82694,0.02104,0.8992800000000001
sic_major_group,25,Furniture & Fixtures,2017,5,1.40932,1.1801,0.5693319678359894,1.0219,2.5327,1.0383,1.2736,2.0290600000000003,2.28088,68.96314,0.00152,0.91008
sic_major_group,28,Chemicals & Allied Products,2017,31,1.5316258064516128,1.425,1.0874258455897616,0.4853,6.5648,0.878,1.6724,2.3,2.57425,36.86648709677419,0.05441612903225806,0.9074935483870967
sic_major_group,30,Rubber & Miscellaneous Plastics,2017,4,0.86235,0.7373000000000001,0.31208195638325514,0.5834,1.3914,0.68585,0.9138000000000001,1.20036,1.2958799999999997,20.7145,0.170875,0.906875
sic_major_group,33,Primary Metal Industries,2017,7,1.1327428571428573,1.1275,0.2165043441144038,0.9346,1.594,0.94645,1.1901000000000002,1.3534000000000002,1.4736999999999998,34.32891428571428,0.0008285714285714285,0.8995428571428573
sic_major_group,34,Fabricated Metal Products,2017,11,1.3642909090909092,1.4584,0.36698078585953603,0.4437,1.8563,1.2132999999999998,1.60815,1.6958,1.7760500000000001,38.71626363636364,0.07497272727272726,0.9053090909090908
sic_major_group,35,Industrial Machinery & Equipment,2017,24,1.3628583333333333,1.3544,0.36578776054412876,0.7902,2.2181,1.0571000000000002,1.5806499999999999,1.82173,1.865135,38.94467083333333,0.022283333333333332,0.9027833333333334
sic_major_group,36,Electronic & Electrical Equipment,2017,14,1.548614285714286,1.5047,0.44080978219820927,1.0107,2.6926,1.1982249999999999,1.790875,1.96255,2.2401999999999997,43.97214285714285,0.00055,0.9057214285714286
sic_major_group,37,Transportation Equipment,2017,16,1.2099687499999998,1.2317999999999998,0.4558900137625714,0.4935,2.1181,0.8458,1.38395,1.8796,1.9955500000000002,32.18200625,0.058637499999999995,0.90238125
sic_major_group,38,Measuring & Analyzing Instruments,2017,18,1.6042666666666667,1.55375,0.5483042383365077,0.8325,2.7913,1.078775,1.984625,2.27646,2.3859349999999995,51.43494444444444,0.0053166666666666675,0.9087388888888888
sic_major_group,44,Water Transportation,2017,3,1.4098,1.2378,0.2842816561088668,1.1811,1.8105,1.20945,1.5241500000000001,1.69596,1.7532299999999998,53.68076666666667,0.0017000000000000001,0.9116333333333334
sic_major_group,45,Transportation by Air,2017,4,1.22695,1.2247,0.21079873695067536,0.9995,1.4589,1.0259,1.42575,1.44564,1.4522700000000002,52.18465,0.020575,0.898425
sic_major_group,48,Communications,2017,6,1.7480666666666667,1.4379499999999998,0.7336126422635374,0.9503,2.8485,1.213575,2.365675,2.75435,2.801425,70.97871666666667,0.0065,0.9074333333333332
sic_major_group,49,"Electric, Gas & Sanitary Services",2017,21,0.9979380952380955,1.0483,0.4896110783801388,0.3887,2.7096,0.5841,1.0998,1.346,1.4798,45.71529523809524,0.02825238095238095,0.9024571428571428
sic_major_group,50,Wholesale Trade - Durable Goods,2017,3,2.1582000000000003,1.8512,0.6709162888667011,1.5342,3.0892,1.6926999999999999,2.4702,2.8416,2.9654,83.10486666666667,0.0,0.8967999999999999
sic_major_group,51,Wholesale Trade - Nondurable Goods,2017,5,1.28232,1.2883,0.25877749824897833,0.8655,1.6509,1.1932,1.4137,1.55602,1.6034599999999999,42.56134,0.012640000000000002,0.9032199999999999
sic_major_group,52,Building Materials & Hardware,2017,3,1.8551000000000002,2.0745,0.5249405744145395,1.1312,2.3596,1.60285,2.21705,2.30258,2.33109,48.0264,0.004233333333333333,0.9023666666666665
sic_major_group,58,Eating & Drinking Places,2017,11,1.4371909090909092,1.3633,0.5411241152445283,0.8575,2.5979,1.0362500000000001,1.5670000000000002,2.3217,2.4598,34.839527272727274,0.02008181818181818,0.9125272727272727
sic_major_group,59,Miscellaneous Retail,2017,3,1.3338,0.9399,0.6803665531657672,0.7705,2.291,0.8552,1.61545,2.02078,2.15589,41.961733333333335,0.0022,0.9053999999999999
sic_major_group,60,Depository Institutions (Banks),2017,28,1.2670892857142857,1.2253500000000002,0.4683684167552029,0.4238,2.5212,0.9412750000000001,1.565025,1.8152700000000002,1.9888249999999998,61.51372142857143,0.0032999999999999995,0.9020107142857144
sic_major_group,61,Non-Depository Credit Institutions,2017,3,1.5339333333333334,1.5371,0.27096364249757865,1.2005,1.8642,1.3687999999999998,1.70065,1.79878,1.83149,46.60373333333333,0.00013333333333333334,0.8996999999999998
sic_major_group,62,Security & Commodity Brokers,2017,12,1.2832583333333334,1.2349999999999999,0.3376903795350936,0.7854,2.0017,1.0234750000000001,1.5028000000000001,1.66348,1.8233349999999997,41.85176666666667,0.022324999999999998,0.9063666666666667
sic_major_group,63,Insurance Carriers,2017,8,1.2305375,1.01895,0.4972418323549921,0.7355,2.0737,0.9158999999999999,1.3556,2.06789,2.070795,53.15335,8.75e-05,0.905025
sic_major_group,65,Real Estate,2017,3,2.550133333333333,1.9933,1.6699900285796785,0.8409,4.8162,1.4171,3.40475,4.251620000000001,4.53391,60.92159999999999,0.0365,0.9131333333333332
sic_major_group,67,Holding & Investment Offices,2017,35,1.3464657142857144,1.266,0.5684397678572749,0.5324,3.1856,0.8645,1.70085,1.93022,2.2591699999999997,57.81178285714285,0.025328571428571426,0.9018685714285715
sic_major_group,70,Hotels & Lodging Places,2017,3,1.2245000000000001,1.1444,0.4487022249406244,0.7194,1.8097,0.9319000000000001,1.4770500000000002,1.6766400000000001,1.74317,36.6252,0.0005333333333333334,0.9047666666666667
sic_major_group,73,Business Services,2017,35,1.4205171428571426,1.4053,0.5085700583769664,0.3384,2.6553,1.0241500000000001,1.7752,2.01678,2.283379999999999,39.55401428571428,0.03894571428571429,0.9037714285714286
sic_major_group,80,Health Services,2017,6,1.1947166666666666,1.00535,0.45095226434981145,0.7279,1.9808,0.86335,1.476,1.7978999999999998,1.8893499999999999,38.52021666666666,0.002933333333333333,0.9041833333333334
sic_major_group,13,Oil & Gas Extraction,2018,7,1.4828142857142859,1.4031,0.454969067798088,0.9959,2.4395,1.1388500000000001,1.63175,1.99574,2.2176199999999993,49.62537142857143,0.00027142857142857144,0.8994571428571428
sic_major_group,15,Building Construction,2018,5,1.3755000000000002,1.3519,0.3724718727635686,0.9417,1.9325,1.0177,1.6337,1.81298,1.87274,42.43646,0.00076,0.90642
sic_major_group,16,Heavy Construction,2018,3,1.0627,0.8107,0.546774548298169,0.5556,1.8218,0.6831499999999999,1.3162500000000001,1.61958,1.72069,26.96823333333333,0.1803,0.9012333333333333
sic_major_group,20,Food & Kindred Products,2018,9,1.2874444444444444,1.145,0.5285044940650112,0.6347,2.0869,0.8203,1.886,1.99754,2.04222,29.04678888888889,0.03781111111111111,0.9021222222222222
sic_major_group,23,Apparel & Other Finished Products,2018,5,1.1522999999999999,1.1622,0.37032404188764195,0.7522,1.7375,0.7684,1.3412,1.57898,1.65824,37.82925999999999,0.0339,0.9001600000000002
sic_major_group,25,Furniture & Fixtures,2018,5,1.4786800000000002,1.2739,0.5919336091150764,0.7972,2.5666,1.2335,1.5222,2.1488400000000003,2.35772,50.7929,0.02146,0.9129400000000001
sic_major_group,28,Chemicals & Allied Products,2018,31,1.485832258064516,1.3473,0.8341333947575411,0.5602,3.8245,0.8147,1.838,2.4047,3.329,40.99663548387096,0.0711032258064516,0.9081290322580644
sic_major_group,30,Rubber & Miscellaneous Plastics,2018,4,1.047025,0.9886,0.28149856460557665,0.7398,1.4711,0.8259000000000001,1.2097250000000002,1.3665500000000002,1.418825,33.268074999999996,0.036275,0.905225
sic_major_group,33,Primary Metal Industries,2018,7,1.2330857142857143,1.1541,0.15956078491168393,1.1016,1.5657,1.1148,1.2903,1.4418000000000002,1.50375,43.32935714285714,1.4285714285714287e-05,0.902
sic_major_group,34,Fabricated Metal Products,2018,11,1.3181363636363637,1.3895,0.337059210532747,0.6955,1.9669,1.2107,1.4759,1.5348,1.75085,52.48308181818181,0.01920909090909091,0.9037181818181818
sic_major_group,35,Industrial Machinery & Equipment,2018,25,1.18744,1.1132,0.32432067710832135,0.7308,1.9047,0.9659,1.4089,1.6661600000000003,1.8293199999999998,34.670908,0.017616,0.903468
sic_major_group,36,Electronic & Electrical Equipment,2018,14,1.4638214285714284,1.4438,0.392542407497169,0.6207,2.2884,1.224675,1.6455250000000001,1.9165500000000002,2.1012,43.26295714285714,0.011157142857142857,0.9030142857142858
sic_major_group,37,Transportation Equipment,2018,16,1.2502125,1.2809,0.489382706676227,0.5751,2.4502,0.801825,1.4457499999999999,1.8201999999999998,2.0071,36.429556250000005,0.07826875,0.90435
sic_major_group,38,Measuring & Analyzing Instruments,2018,19,1.5315421052631577,1.5384,0.3443289282920124,0.7363,2.1034,1.388,1.8138,1.96318,2.05165,42.18588421052632,0.004057894736842105,0.9079684210526316
sic_major_group,44,Water Transportation,2018,3,1.5664333333333333,1.6374,0.23162973806391002,1.254,1.8079,1.4457,1.72265,1.7738,1.79085,53.778033333333326,0.00013333333333333334,0.9143666666666667
sic_major_group,45,Transportation by Air,2018,4,1.024225,0.98935,0.4538022277104863,0.4678,1.6504,0.67555,1.338025,1.5254500000000002,1.587925,36.729625,0.042350000000000006,0.9003249999999999
sic_major_group,48,Communications,2018,6,1.5733166666666667,1.3778000000000001,0.48918773634351154,1.1294,2.5588,1.231475,1.7045,2.1735,2.36615,63.29436666666666,0.0,0.9055166666666666
sic_major_group,49,"Electric, Gas & Sanitary Services",2018,21,0.9655904761904762,0.9015,0.39365834946025624,0.4066,1.9062,0.7117,1.204,1.4843,1.6498,43.24314285714286,0.004080952380952381,0.9040142857142858
sic_major_group,50,Wholesale Trade - Durable Goods,2018,3,1.9181333333333335,1.8755,0.5343906831356834,1.286,2.5929,1.58075,2.2342,2.4494200000000004,2.52116,73.92083333333333,0.0004333333333333333,0.8967
sic_major_group,51,Wholesale Trade - Nondurable Goods,2018,5,1.3021999999999998,1.355,0.3568565650229795,0.8972,1.867,0.9426,1.4492,1.69988,1.78344,38.67542,0.00024000000000000003,0.90686
sic_major_group,52,Building Materials & Hardware,2018,3,1.7423,1.7616,0.11459432795736452,1.5933,1.872,1.6774499999999999,1.8168000000000002,1.84992,1.8609600000000002,40.70016666666667,6.666666666666667e-05,0.9038
sic_major_group,58,Eating & Drinking Places,2018,11,1.3532727272727274,1.2255,0.5416573003979364,0.7922,2.7294,0.93295,1.5899,1.7971,2.26325,33.795418181818185,0.009500000000000001,0.9122727272727271
sic_major_group,59,Miscellaneous Retail,2018,3,1.6139333333333334,0.9708,0.9688104917314267,0.8878,2.9832,0.9293,1.977,2.5807200000000003,2.7819599999999998,67.0402,0.0007999999999999999,0.904
sic_major_group,60,Depository Institutions (Banks),2018,28,1.1929071428571432,1.1459000000000001,0.46162901921082805,0.3846,2.5195,0.8927999999999999,1.53505,1.70164,1.8331299999999997,61.209914285714284,0.026617857142857138,0.9054214285714285
sic_major_group,61,Non-Depository Credit Institutions,2018,3,1.2814666666666665,1.3636,0.12042162965551033,1.1112,1.3696,1.2374,1.3666,1.3683999999999998,1.369,31.096533333333337,0.0061666666666666675,0.906
sic_major_group,62,Security & Commodity Brokers,2018,13,1.2367,1.1867,0.3883119562730658,0.6712,2.2384,1.0227,1.4527,1.54746,1.824039999999999,41.922761538461536,0.006807692307692307,0.9052846153846154
sic_major_group,63,Insurance Carriers,2018,8,1.22375,1.0470000000000002,0.38526095701485247,0.7318,1.7967,0.936225,1.62445,1.73965,1.768175,63.519650000000006,0.0,0.9009875
sic_major_group,65,Real Estate,2018,3,2.215533333333333,1.5672,1.0143501444548404,1.4315,3.6479,1.49935,2.60755,3.23176,3.4398299999999997,72.08406666666666,0.0,0.9015666666666666
sic_major_group,67,Holding & Investment Offices,2018,36,1.4123083333333333,1.4241000000000001,0.47855326730968806,0.5288,2.6525,1.0688499999999999,1.7021,2.0462000000000002,2.23745,62.53619444444444,0.005022222222222223,0.9000666666666667
sic_major_group,70,Hotels & Lodging Places,2018,3,1.2137,0.8894,0.47027367209601123,0.873,1.8787,0.8812,1.38405,1.6808400000000001,1.7797699999999999,47.14573333333334,0.0007333333333333333,0.9080666666666667
sic_major_group,73,Business Services,2018,37,1.3517810810810809,1.2725,0.4457570407428292,0.7476,2.6703,1.0562,1.6528,1.9813399999999997,2.146679999999999,38.93203513513513,0.019683783783783784,0.9013783783783783
sic_major_group,80,Health Services,2018,6,1.3296999999999999,1.47895,0.4242512109587903,0.6543,1.9257,1.0441,1.5256,1.73085,1.828275,45.145716666666665,0.0023166666666666665,0.9076333333333334
sic_major_group,13,Oil & Gas Extraction,2019,7,1.365157142857143,1.262,0.3136623792603527,0.9183,1.9426,1.2258,1.4908000000000001,1.78732,1.86496,42.82827142857143,1.4285714285714287e-05,0.9031142857142856
sic_major_group,15,Building Construction,2019,5,1.57206,1.5452,0.4367502151115669,1.07,2.2039,1.1356,1.9056,2.08458,2.14424,58.619640000000004,0.0,0.91114
sic_major_group,16,Heavy Construction,2019,3,1.3045666666666669,0.971,0.6216643485211472,0.7669,2.1758,0.86895,1.5734000000000001,1.9348400000000003,2.05532,35.21286666666666,0.046533333333333336,0.9043666666666667
sic_major_group,20,Food & Kindred Products,2019,9,1.3169,1.165,0.6475065834071152,0.682,2.9993,0.9676,1.3374,1.8593000000000002,2.4292999999999996,36.202,0.002311111111111111,0.9074444444444444
sic_major_group,23,Apparel & Other Finished Products,2019,5,1.2074399999999998,1.248,0.3336542677682994,0.7484,1.6293,0.9174,1.4941,1.57522,1.60226,45.170500000000004,0.00854,0.89878
sic_major_group,25,Furniture & Fixtures,2019,5,1.39616,1.355,0.4284285079216834,0.9552,2.1142,0.9797,1.5767,1.8992,2.0067,50.49304,0.00014,0.91164
sic_major_group,28,Chemicals & Allied Products,2019,32,1.63989375,1.5833,0.6453176964379154,0.7667,2.6513,0.985025,2.186425,2.5683,2.64481,59.886803125,0.0041375,0.9057375000000001
sic_major_group,30,Rubber & Miscellaneous Plastics,2019,4,1.2152749999999999,1.2441499999999999,0.4192070453546791,0.6046,1.7682,1.0045,1.454925,1.64289,1.7055449999999999,50.803174999999996,0.060125000000000005,0.9029
sic_major_group,33,Primary Metal Industries,2019,7,1.4314285714285717,1.3017,0.2984501476163899,1.0678,1.8869,1.19795,1.68385,1.8332000000000002,1.86005,55.25702857142857,1.4285714285714287e-05,0.9057142857142858
sic_major_group,34,Fabricated Metal Products,2019,12,1.4079249999999999,1.47095,0.3828955147404228,0.8489,2.006,1.0036,1.5934,1.95349,1.9872999999999998,56.739475000000006,0.0034916666666666672,0.9061750000000001
sic_major_group,35,Industrial Machinery & Equipment,2019,25,1.2997040000000002,1.334,0.3704662775260388,0.6308,2.1867,1.0092,1.5374,1.7820600000000002,1.88482,47.55787600000001,0.014704,0.902244
sic_major_group,36,Electronic & Electrical Equipment,2019,14,1.5108214285714285,1.46085,0.3806262437062888,0.772,2.2319,1.2032,1.780525,1.94716,2.053995,56.79020714285714,0.003628571428571429,0.9009071428571429
sic_major_group,37,Transportation Equipment,2019,16,1.3009062500000002,1.2311,0.48917178024282787,0.5707,1.9296,0.7735000000000001,1.79705,1.88845,1.9149749999999999,40.04005625,0.02815,0.90835625
sic_major_group,38,Measuring & Analyzing Instruments,2019,19,1.6307894736842106,1.7644,0.45824580038818385,0.8311,2.4777,1.29825,1.8794,2.21518,2.2967999999999997,58.667957894736844,0.0031368421052631584,0.9069052631578948
sic_major_group,44,Water Transportation,2019,3,1.8872,2.0209,0.39352288370563654,1.3525,2.2882,1.6867,2.15455,2.23474,2.2614699999999996,72.76716666666668,0.0,0.8995666666666667
sic_major_group,45,Transportation by Air,2019,4,1.298575,1.3098999999999998,0.20270446930198657,1.0433,1.5312,1.1309749999999998,1.4775,1.50972,1.52046,55.73242499999999,0.0,0.899175
sic_major_group,48,Communications,2019,7,1.626542857142857,1.4651,0.4916136981037706,1.07,2.4672,1.22285,1.9688999999999999,2.28708,2.37714,75.9397,0.0,0.9010999999999999
sic_major_group,49,"Electric, Gas & Sanitary Services",2019,21,1.0865190476190478,1.0446,0.4178576331024122,0.222,1.9624,0.832,1.318,1.6658,1.7313,59.85981428571428,0.006495238095238095,0.9048809523809525
sic_major_group,50,Wholesale Trade - Durable Goods,2019,3,2.0657666666666668,1.9257,0.30291292845011136,1.7852,2.4864,1.8554499999999998,2.2060500000000003,2.37426,2.43033,69.64580000000001,0.0,0.9031000000000001
sic_major_group,51,Wholesale Trade - Nondurable Goods,2019,5,1.7347000000000001,1.5082,0.37479137663505546,1.4672,2.4594,1.5017,1.737,2.17044,2.31492,64.2381,2e-05,0.89678
sic_major_group,52,Building Materials & Hardware,2019,3,1.4546000000000001,1.6069,0.3405244876167743,0.9828,1.7741,1.29485,1.6905000000000001,1.74066,1.75738,40.3056,0.021133333333333334,0.9152999999999999
sic_major_group,58,Eating & Drinking Places,2019,11,1.395709090909091,1.3383,0.5225845428854645,0.7043,2.3662,1.0203,1.5451,2.3651,2.36565,46.96046363636364,0.001190909090909091,0.9134090909090908
sic_major_group,59,Miscellaneous Retail,2019,3,1.1482666666666665,0.829,0.5604067828124694,0.6797,1.9361,0.75435,1.38255,1.71468,1.8253899999999998,53.125033333333334,0.038200000000000005,0.9061666666666667
sic_major_group,60,Depository Institutions (Banks),2019,28,1.187182142857143,1.11015,0.4375275665221983,0.5068,2.4458,0.8703,1.509925,1.6769,1.8149649999999997,61.33914285714285,0.0013357142857142856,0.9026285714285714
sic_major_group,61,Non-Depository Credit Institutions,2019,3,1.7200999999999997,1.746,0.25658528146927423,1.3937,2.0206,1.56985,1.8833,1.9656799999999999,1.99314,63.44193333333334,0.0003,0.9088666666666666
sic_major_group,62,Security & Commodity Brokers,2019,13,1.2869538461538461,1.3437,0.31168301356786443,0.8461,1.7551,0.9279,1.5445,1.6623800000000002,1.7131,53.35496923076922,0.0003692307692307692,0.9063384615384616
sic_major_group,63,Insurance Carriers,2019,9,1.0763333333333334,0.9431,0.40918080763072623,0.6227,2.0859,0.8391,1.2207,1.4727000000000001,1.7792999999999997,42.679622222222214,0.0011777777777777778,0.8978666666666667
sic_major_group,65,Real Estate,2019,3,1.9993666666666667,1.784,0.5982364099770442,1.3985,2.8156,1.59125,2.2998,2.60928,2.71244,76.9696,0.0,0.8881333333333333
sic_major_group,67,Holding & Investment Offices,2019,36,1.5650416666666667,1.48905,0.5192011820388659,0.5114,2.7456,1.182175,1.88955,2.3297,2.444375,80.89008055555556,0.006677777777777778,0.9022138888888889
sic_major_group,70,Hotels & Lodging Places,2019,3,1.0512666666666666,0.7342,0.5555953043558073,0.5872,1.8324,0.6607000000000001,1.2833,1.61276,1.72258,38.96913333333333,0.010366666666666666,0.9120333333333334
sic_major_group,73,Business Services,2019,39,1.5130179487179487,1.4501,0.5255989222912667,0.6579,3.0079,1.17215,1.63075,2.3266600000000004,2.508950000000001,48.21585128205129,0.00804102564102564,0.9043794871794872
sic_major_group,79,Amusement & Recreation Services,2019,3,1.0541,1.0412,0.07084918254056762,0.9745,1.1466,1.00785,1.0939,1.12552,1.13606,47.5956,6.666666666666667e-05,0.9037000000000001
sic_major_group,80,Health Services,2019,6,1.4314166666666666,1.47085,0.39237781714680164,0.8934,1.8793,1.0835,1.8075,1.86355,1.871425,62.18243333333334,0.0,0.9072499999999999
sic_major_group,13,Oil & Gas Extraction,2020,7,1.2077857142857142,1.2756,0.2747407475554854,0.7512,1.538,1.00105,1.4438,1.5070999999999999,1.52255,37.76318571428572,0.0409,0.9061142857142856
sic_major_group,15,Building Construction,2020,5,1.52128,1.2356,0.5083327941417906,1.0198,2.3908,1.1643,1.7959,2.1528400000000003,2.27182,67.54428,0.0,0.90428
sic_major_group,16,Heavy Construction,2020,3,1.6200666666666665,1.7846,0.28511617904909486,1.219,1.8566,1.5018,1.8206,1.8422,1.8494,61.98283333333334,0.0,0.9041
sic_major_group,20,Food & Kindred Products,2020,10,1.51854,1.34035,0.737444722267371,0.5911,3.1781,1.081275,1.92165,2.2518199999999995,2.7149599999999987,49.87632,0.01481,0.9045
sic_major_group,23,Apparel & Other Finished Products,2020,5,1.154,1.0745,0.3739113263863506,0.6243,1.7511,0.9934,1.3267,1.5813400000000002,1.66622,39.80746,0.00872,0.9064
sic_major_group,25,Furniture & Fixtures,2020,5,1.24748,1.1808,0.49857311359518774,0.624,1.9131,0.809,1.7105,1.83206,1.87258,39.95892,0.013779999999999997,0.90892
sic_major_group,28,Chemicals & Allied Products,2020,32,1.5299218749999999,1.40285,0.6515777945372174,0.5553,2.8747,1.070975,2.025625,2.48342,2.791015,57.190271875,0.025609375000000004,0.905840625
sic_major_group,30,Rubber & Miscellaneous Plastics,2020,4,1.4471,1.5753,0.3551427389093011,0.8561,1.7817,1.341425,1.680975,1.7414100000000001,1.761555,53.34995,0.002225,0.903525
sic_major_group,33,Primary Metal Industries,2020,7,1.3823285714285716,1.3234,0.3444310369053194,1.0265,2.1025,1.10915,1.5028000000000001,1.7591800000000002,1.9308399999999997,53.22831428571428,0.0006285714285714286,0.9038142857142857
sic_major_group,34,Fabricated Metal Products,2020,12,1.207225,1.2043,0.39504972076309586,0.6549,2.0209,0.846125,1.482725,1.58093,1.7832999999999997,34.60684166666666,0.02815833333333333,0.9056083333333333
sic_major_group,35,Industrial Machinery & Equipment,2020,27,1.4133555555555555,1.3772,0.3769579005213077,0.7266,2.2235,1.1452,1.5648,1.9352000000000005,2.15958,49.72708148148149,0.0009703703703703705,0.903825925925926
sic_major_group,36,Electronic & Electrical Equipment,2020,15,1.52542,1.4779,0.5852152950837837,0.6203,2.5464,0.97835,1.8902,2.32628,2.47668,57.75311999999999,0.04904666666666666,0.8973800000000002
sic_major_group,37,Transportation Equipment,2020,16,1.36585625,1.2753999999999999,0.4554669663772967,0.475,2.3027,1.0930499999999999,1.7495500000000002,1.93065,2.060225,44.217600000000004,0.011887499999999999,0.9055375
sic_major_group,38,Measuring & Analyzing Instruments,2020,20,1.7999300000000003,1.5232,1.3382940641353827,0.9049,7.2283,1.1506500000000002,1.779,2.2527000000000013,3.219680000000003,63.735434999999995,0.007485,0.9092899999999998
sic_major_group,44,Water Transportation,2020,3,1.9484333333333332,1.8972,0.772643170479678,1.0288,2.9193,1.463,2.40825,2.71488,2.81709,85.9898,3.3333333333333335e-05,0.8978333333333334
sic_major_group,45,Transportation by Air,2020,4,1.031075,0.95595,0.3139592280456174,0.7144,1.498,0.760675,1.22635,1.38934,1.4436699999999998,32.96575,0.0033499999999999997,0.9052
sic_major_group,48,Communications,2020,8,1.502825,1.48205,0.5706491166864275,0.8223,2.6626,1.065,1.7178499999999999,2.16497,2.4137849999999994,72.8822375,0.050687499999999996,0.904375
sic_major_group,49,"Electric, Gas & Sanitary Services",2020,21,1.134590476190476,1.1442,0.3966979202230546,0.3265,2.1068,0.889,1.4085,1.5308,1.5731,63.675033333333324,0.008809523809523809,0.9037095238095239
sic_major_group,50,Wholesale Trade - Durable Goods,2020,3,1.9046,1.7634,0.34534725518913084,1.5703,2.3801,1.6668500000000002,2.07175,2.2567600000000003,2.31843,68.77906666666667,0.0,0.9037666666666667
sic_major_group,51,Wholesale Trade - Nondurable Goods,2020,5,1.95166,1.9334,0.3137733169025052,1.6164,2.5212,1.7175,1.9698,2.30064,2.41092,81.39514,0.0,0.89728
sic_major_group,52,Building Materials & Hardware,2020,3,1.4825,1.5335,0.17130238371565837,1.2519,1.6621,1.3927,1.5977999999999999,1.63638,1.6492399999999998,43.16533333333333,0.0,0.9186666666666667
sic_major_group,58,Eating & Drinking Places,2020,11,1.542781818181818,1.4718,0.5090168113283451,0.8015,2.6189,1.27265,1.69235,2.2683,2.4436,55.37051818181819,0.0019454545454545456,0.9123454545454546
sic_major_group,59,Miscellaneous Retail,2020,4,1.576625,1.4071,0.6638435710880991,0.859,2.6333,1.1260750000000002,1.85765,2.32304,2.47817,54.5502,0.00030000000000000003,0.9063000000000001
sic_major_group,60,Depository Institutions (Banks),2020,28,1.2621392857142857,1.1194000000000002,0.49537128740491615,0.3541,2.92,0.9735499999999999,1.49325,1.92574,2.06331,69.260825,0.023110714285714287,0.901025
sic_major_group,61,Non-Depository Credit Institutions,2020,3,1.7953999999999999,1.7165,0.2052782014730254,1.5929,2.0768,1.6547,1.89665,2.00474,2.0407699999999998,75.8218,0.0,0.9087999999999999
sic_major_group,62,Security & Commodity Brokers,2020,13,1.222123076923077,1.2248,0.37220864114684216,0.4977,2.0408,0.9643,1.3831,1.6020400000000001,1.7973199999999994,42.15713846153846,0.041607692307692304,0.905176923076923
sic_major_group,63,Insurance Carriers,2020,9,1.1347555555555555,1.1318,0.23040164501298893,0.7629,1.6351,1.055,1.1774,1.36678,1.50094,47.06671111111111,0.000488888888888889,0.8991666666666668
sic_major_group,65,Real Estate,2020,3,1.7026333333333332,1.5767,0.3678322202067435,1.3285,2.2027,1.4526,1.8897,2.0775,2.1401,58.19383333333334,0.0,0.8971666666666667
sic_major_group,67,Holding & Investment Offices,2020,36,1.6007583333333335,1.60305,0.5311349955912025,0.683,3.083,1.1591500000000001,1.96235,2.2359999999999998,2.358975,80.4922611111111,0.002672222222222222,0.9064916666666668
sic_major_group,70,Hotels & Lodging Places,2020,3,1.3194333333333335,0.9992,0.5588530536335609,0.8538,2.1053,0.9265,1.5522500000000001,1.8840800000000002,1.99469,48.42343333333333,0.006233333333333333,0.9130333333333334
sic_major_group,73,Business Services,2020,41,1.4695731707317072,1.2848,0.5263047892917277,0.8049,3.173,1.0531,1.8066,2.2489,2.3412,49.67191463414635,0.016795121951219513,0.9064804878048779
sic_major_group,79,Amusement & Recreation Services,2020,3,0.8033666666666667,0.8076,0.043174092025452256,0.7485,0.854,0.77805,0.8308,0.84472,0.84936,34.3522,0.010533333333333334,0.9052000000000001
sic_major_group,80,Health Services,2020,6,1.6983333333333335,1.70815,0.29677287986307344,1.3274,2.0419,1.41975,1.987625,2.0289,2.0354,82.15071666666667,0.0,0.9129166666666667
sic_major_group,13,Oil & Gas Extraction,2021,8,1.285825,1.0854499999999998,0.37264991530255315,0.9128,1.9815,1.03705,1.55155,1.8015999999999999,1.8915499999999998,39.391375,0.005749999999999999,0.9049499999999999
sic_major_group,15,Building Construction,2021,5,1.4319199999999999,1.2021,0.5742319789074795,0.9544,2.4998,0.9666,1.5367,2.11456,2.30718,55.24366,0.00794,0.9036200000000001
sic_major_group,16,Heavy Construction,2021,3,1.5117,1.6826,0.3194346359846826,1.0641,1.7884,1.37335,1.7355,1.76724,1.77782,54.2612,0.00023333333333333333,0.9095333333333334
sic_major_group,20,Food & Kindred Products,2021,10,1.3667500000000001,1.1962000000000002,0.5022656772067946,0.808,2.7182,1.088475,1.5112999999999999,1.6448599999999995,2.1815299999999986,43.26801,0.00293,0.90363
sic_major_group,23,Apparel & Other Finished Products,2021,5,1.3332799999999998,1.214,0.3762464904819712,0.76,1.8051,1.2008,1.6865,1.75766,1.78138,45.652420000000006,0.00118,0.9073399999999999
sic_major_group,25,Furniture & Fixtures,2021,5,1.3218400000000001,1.478,0.2955109243327563,0.8772,1.6209,1.0665,1.5666,1.59918,1.61004,50.36212,0.0001,0.90816
sic_major_group,28,Chemicals & Allied Products,2021,33,1.5084090909090908,1.2714,0.6652612074664954,0.685,3.2555,1.0193,1.8928,2.64148,2.81446,54.681142424242424,0.008393939393939395,0.9045575757575759
sic_major_group,30,Rubber & Miscellaneous Plastics,2021,4,1.7683,1.76845,0.2266959086529794,1.4551,2.0812,1.63825,1.8984999999999999,2.00812,2.04466,69.15327500000001,0.0,0.9086000000000001
sic_major_group,33,Primary Metal Industries,2021,7,1.3776428571428572,1.4099,0.369850119670669,0.7066,1.9407,1.1889500000000002,1.6042,1.7712,1.8559499999999998,48.02585714285715,0.007728571428571429,0.9083428571428571
sic_major_group,34,Fabricated Metal Products,2021,12,1.2187916666666665,1.24155,0.3064375179878527,0.5462,1.7855,1.00485,1.41785,1.44851,1.6011399999999998,33.07445,0.030541666666666672,0.9026749999999999
sic_major_group,35,Industrial Machinery & Equipment,2021,28,1.3714357142857139,1.3175,0.49517756498790105,0.4282,2.6951,1.0488250000000001,1.57035,1.9599600000000001,2.25322,48.63583214285715,0.025207142857142855,0.9046607142857142
sic_major_group,36,Electronic & Electrical Equipment,2021,15,1.4626266666666667,1.3264,0.5639297656820592,0.6763,2.4412,1.0731000000000002,1.9687999999999999,2.24738,2.32437,52.99161333333333,0.015199999999999998,0.9011800000000001
sic_major_group,37,Transportation Equipment,2021,16,1.3516249999999999,1.2763,0.43390041700256526,0.7909,2.0626,1.064225,1.6831999999999998,2.0446999999999997,2.059,41.344181250000005,0.0029749999999999998,0.9042312499999999
sic_major_group,38,Measuring & Analyzing Instruments,2021,20,1.7594800000000004,1.6722000000000001,0.6197556934792935,0.9551,3.2159,1.253025,2.071575,2.6222600000000007,3.119285,81.47806,0.003175,0.90428
sic_major_group,44,Water Transportation,2021,3,1.6717333333333333,1.5459,0.84645670231199,0.7037,2.7656,1.1248,2.1557500000000003,2.5216600000000002,2.64363,74.53763333333335,0.07286666666666666,0.8984
sic_major_group,45,Transportation by Air,2021,4,1.305925,1.3098,0.29805338762543865,0.9044,1.6997,1.103675,1.51205,1.62464,1.66217,38.8816,0.00125,0.909325
sic_major_group,48,Communications,2021,8,1.7306750000000002,1.6664500000000002,0.4389538749971345,0.9614,2.3673,1.5256,2.0039,2.34098,2.35414,90.1699,6.25e-05,0.907675
sic_major_group,49,"Electric, Gas & Sanitary Services",2021,21,1.1109333333333333,1.1401,0.3646533766186254,0.2595,1.7652,0.818,1.3664,1.5552,1.6091,63.44615714285713,0.002985714285714285,0.9015619047619048
sic_major_group,50,Wholesale Trade - Durable Goods,2021,3,1.8329666666666669,1.7291,0.32408926068120325,1.4983,2.2715,1.6137000000000001,2.0003,2.16302,2.21726,90.69976666666666,0.0,0.9005333333333333
sic_major_group,51,Wholesale Trade - Nondurable Goods,2021,5,1.9118400000000002,1.8366,0.17086924357531408,1.7489,2.2315,1.8068,1.9354,2.11306,2.1722799999999998,82.64930000000001,0.0,0.90762
sic_major_group,52,Building Materials & Hardware,2021,3,1.5651666666666666,1.6437,0.6911127758107855,0.6822,2.3696,1.16295,2.00665,2.2244200000000003,2.29701,45.327200000000005,0.007533333333333333,0.9110666666666667
sic_major_group,58,Eating & Drinking Places,2021,11,1.6035454545454544,1.5676,0.5932251532760043,0.6655,2.6765,1.15,1.9819,2.4057,2.5411,63.45036363636363,0.0019272727272727273,0.9128636363636364
sic_major_group,59,Miscellaneous Retail,2021,4,1.53455,1.5312999999999999,0.16797323447501986,1.3018,1.7738,1.4539,1.61195,1.70906,1.74143,88.96464999999999,0.0,0.9050750000000001
sic_major_group,60,Depository Institutions (Banks),2021,28,1.2947785714285716,1.2003,0.46188616822541806,0.5416,2.5575,1.0085250000000001,1.664375,1.84499,1.9763099999999998,65.68197142857143,0.0014500000000000001,0.9041428571428572
sic_major_group,61,Non-Depository Credit Institutions,2021,4,1.5589250000000001,1.41975,0.6103466448461891,0.9614,2.4348,1.0018250000000002,1.97685,2.25162,2.34321,59.47302500000001,0.0012,0.905975
sic_major_group,62,Security & Commodity Brokers,2021,14,1.5132357142857145,1.45085,0.33355290136679083,0.9877,2.0934,1.321475,1.806325,1.9168,1.98173,58.88772857142856,5e-05,0.9060214285714286
sic_major_group,63,Insurance Carriers,2021,10,1.14573,1.2386,0.30374901827001843,0.4331,1.46,1.002,1.3951500000000001,1.42319,1.441595,41.55188,0.01663,0.9048399999999999
sic_major_group,64,Insurance Agents & Brokers,2021,4,1.334575,1.26465,0.19944751659271168,1.1404,1.6686,1.229425,1.3698000000000001,1.54908,1.6088399999999998,40.62795,0.022075,0.9089
sic_major_group,65,Real Estate,2021,3,1.5981333333333334,1.4443,0.40716648792464366,1.1945,2.1556,1.3194,1.79995,2.0133400000000004,2.08447,54.5395,0.0,0.9074333333333334
sic_major_group,67,Holding & Investment Offices,2021,38,1.6225394736842105,1.6364999999999998,0.5161687022973226,0.8096,3.1859,1.25235,1.891125,2.3543700000000007,2.4574299999999996,77.86848684210527,0.0029289473684210527,0.9061473684210526
sic_major_group,70,Hotels & Lodging Places,2021,3,1.6972333333333331,1.6559,0.41857798423816905,1.2065,2.2293,1.4312,1.9425999999999999,2.11462,2.17196,67.41103333333334,0.0,0.9087333333333335
sic_major_group,73,Business Services,2021,44,1.5149249999999996,1.55405,0.5094244172347846,0.5455,2.6725,1.1245500000000002,1.7875,2.17453,2.380055,54.34393863636364,0.014020454545454546,0.9078295454545454
sic_major_group,79,Amusement & Recreation Services,2021,3,1.0629,1.3062,0.34443177360206867,0.5758,1.3067,0.9410000000000001,1.30645,1.3066,1.3066499999999999,33.3416,0.079,0.9054333333333333
sic_major_group,80,Health Services,2021,7,1.5502857142857143,1.3234,0.39048773322079955,1.1813,2.4069,1.3143,1.6559,2.00328,2.2050899999999993,67.00087142857143,0.0,0.9021714285714285
sic_major_group,13,Oil & Gas Extraction,2022,8,1.4039125000000001,1.46985,0.28410066630289693,0.8566,1.8115,1.28245,1.569875,1.682,1.74675,50.647337500000006,0.000125,0.9053125
sic_major_group,15,Building Construction,2022,5,1.5680999999999998,1.2335,0.7277708760317356,0.8781,2.9499,1.1809,1.5981,2.40918,2.67954,52.560300000000005,0.00654,0.9055
sic_major_group,16,Heavy Construction,2022,3,1.1525,1.2253,0.3187799345421018,0.7308,1.5014,0.9780500000000001,1.36335,1.44618,1.47379,42.536833333333334,0.03493333333333333,0.9065333333333334
sic_major_group,20,Food & Kindred Products,2022,10,1.3198800000000002,1.2169,0.47504779717413703,0.7549,2.446,1.03815,1.4310749999999999,1.8832299999999997,2.1646149999999995,39.893240000000006,0.00255,0.89983
sic_major_group,23,Apparel & Other Finished Products,2022,5,1.34702,1.4501,0.26770332384936874,0.9721,1.73,1.1267,1.4562,1.62048,1.6752399999999998,48.28314,0.0,0.9050799999999999
sic_major_group,25,Furniture & Fixtures,2022,5,1.53474,1.3642,0.6486220119607412,0.8091,2.4021,0.9186,2.1797,2.3131399999999998,2.35762,55.52814000000001,0.0015400000000000001,0.90678
sic_major_group,28,Chemicals & Allied Products,2022,33,1.5771151515151514,1.5209,0.6583359067634607,0.5244,3.5444,1.1045,1.8638,2.46424,2.79196,60.61982727272728,0.009603030303030304,0.9034484848484848
sic_major_group,30,Rubber & Miscellaneous Plastics,2022,4,1.2356500000000001,1.2566000000000002,0.18486395673575745,0.9813,1.4481,1.1022750000000001,1.389975,1.42485,1.436475,42.0411,2.5e-05,0.90625
sic_major_group,33,Primary Metal Industries,2022,7,1.259757142857143,1.1412,0.4068721766885336,0.6266,1.8002,1.00065,1.6245,1.78538,1.79279,42.84854285714285,0.03895714285714286,0.9021857142857144
sic_major_group,34,Fabricated Metal Products,2022,12,1.3371583333333332,1.3127,0.28084163229577547,0.8398,1.8461,1.1951749999999999,1.4777,1.72265,1.78219,41.289425,0.0005333333333333334,0.9033333333333333
sic_major_group,35,Industrial Machinery & Equipment,2022,28,1.4178964285714284,1.4757,0.39372958131378777,0.6201,2.3751,1.1281750000000001,1.669125,1.84158,1.99016,46.95893571428571,0.017475,0.9012999999999999
sic_major_group,36,Electronic & Electrical Equipment,2022,15,1.3995533333333334,1.2229,0.4743468110523729,0.523,2.2476,1.0688,1.79315,2.0530399999999998,2.16458,44.33333333333333,0.03817333333333333,0.9063866666666667
sic_major_group,37,Transportation Equipment,2022,16,1.40051875,1.3186499999999999,0.4196860883725329,0.9159,2.2363,1.029475,1.7516,1.9920499999999999,2.0892999999999997,46.772268749999995,0.00021875,0.907225
sic_major_group,38,Measuring & Analyzing Instruments,2022,21,1.582957142857143,1.3692,0.5730408990401898,0.8077,2.8818,1.1379,2.033,2.2308,2.7061,67.05474761904762,0.007066666666666668,0.9036809523809526
sic_major_group,44,Water Transportation,2022,3,1.5099666666666665,1.125,0.6018803886340062,1.045,2.3599,1.085,1.74245,2.11292,2.23641,60.074999999999996,0.007033333333333333,0.8912999999999999
sic_major_group,45,Transportation by Air,2022,4,1.2455500000000002,1.16185,0.37651515573745503,0.8179,1.8406,1.008625,1.398775,1.6638700000000002,1.7522349999999998,42.092724999999994,0.0003,0.90535
sic_major_group,47,Transportation Services,2022,3,1.7703333333333333,1.6277,0.5267913966225678,1.2084,2.4749,1.41805,2.0513,2.30546,2.39018,42.52066666666667,0.012133333333333335,0.9009666666666667
sic_major_group,48,Communications,2022,8,1.8443625,1.9297,0.5262633892299082,1.0724,2.6338,1.352125,2.25055,2.42023,2.5270149999999996,78.9229875,0.000875,0.90515
sic_major_group,49,"Electric, Gas & Sanitary Services",2022,21,1.228504761904762,1.1618,0.4635973637668898,0.4492,2.4307,1.0492,1.3808,1.7045,2.0394,62.986599999999996,3.3333333333333335e-05,0.9032761904761906
sic_major_group,50,Wholesale Trade - Durable Goods,2022,3,1.8043666666666667,1.7053,0.44498681129020246,1.3157,2.3921,1.5105,2.0487,2.25474,2.32342,60.750800000000005,9.999999999999999e-05,0.9038999999999998
sic_major_group,51,Wholesale Trade - Nondurable Goods,2022,5,1.65544,1.5957,0.13950319852963947,1.5114,1.9153,1.5833,1.6715,1.81778,1.8665399999999999,60.244319999999995,0.0,0.9105399999999999
sic_major_group,52,Building Materials & Hardware,2022,3,1.5309333333333333,1.5794,0.4169260312759993,0.9978,2.0156,1.2886,1.7974999999999999,1.92836,1.97198,39.519533333333335,0.033433333333333336,0.9106333333333333
sic_major_group,58,Eating & Drinking Places,2022,11,1.6351999999999998,1.5722,0.7477400581388258,0.8124,2.9888,0.95175,2.1224999999999996,2.8108,2.8998,60.89777272727272,0.00650909090909091,0.908427272727273
sic_major_group,59,Miscellaneous Retail,2022,4,1.9356,1.83155,0.6393967664916674,1.2168,2.8625,1.419225,2.347925,2.65667,2.7595849999999995,89.4838,0.0,0.90685
sic_major_group,60,Depository Institutions (Banks),2022,28,1.2824071428571426,1.2701,0.40809289464932536,0.5618,2.4404,1.0435,1.4270999999999998,1.7912100000000002,2.0072300000000003,67.59491785714286,0.0024785714285714285,0.9042535714285717
sic_major_group,61,Non-Depository Credit Institutions,2022,4,1.3976000000000002,1.21765,0.3316353645195277,1.1836,1.9715,1.2077499999999999,1.4075,1.7459000000000002,1.8586999999999998,44.041575,0.00195,0.9065749999999999
sic_major_group,62,Security & Commodity Brokers,2022,14,1.3511642857142856,1.40685,0.3393157118317959,0.7637,1.9632,1.115625,1.505925,1.8391000000000002,1.928165,55.04944999999999,0.002492857142857143,0.9073071428571428
sic_major_group,63,Insurance Carriers,2022,10,1.08071,1.1657000000000002,0.26890319986939537,0.5077,1.4701,0.9674499999999999,1.23005,1.3184500000000001,1.394275,42.26614,3.0000000000000004e-05,0.90245
sic_major_group,64,Insurance Agents & Brokers,2022,4,1.538475,1.4854,0.5133875357612415,0.8764,2.3067,1.257925,1.7659500000000001,2.0904000000000003,2.19855,61.6667,0.000175,0.909875
sic_major_group,65,Real Estate,2022,3,1.4882666666666668,1.5935,0.3154554837409269,1.0602,1.8111,1.3268499999999999,1.7023,1.76758,1.78934,52.35713333333333,0.0015666666666666667,0.9048333333333333
sic_major_group,67,Holding & Investment Offices,2022,38,1.5203131578947369,1.53375,0.4835373730567879,0.5859,2.8851,1.110575,1.847775,2.02015,2.2060199999999996,75.63607368421052,0.00125,0.9068657894736842
sic_major_group,70,Hotels & Lodging Places,2022,3,1.7843666666666669,1.4993,0.4339782969483869,1.4562,2.3976,1.47775,1.9484500000000002,2.21794,2.30777,68.96586666666666,3.3333333333333335e-05,0.907
sic_major_group,73,Business Services,2022,44,1.5963636363636362,1.6255000000000002,0.5242078465694296,0.5757,2.6386,1.253025,2.0607,2.20729,2.340285,63.189474999999995,0.02489090909090909,0.9075590909090908
sic_major_group,79,Amusement & Recreation Services,2022,3,1.3944999999999999,1.1091,0.5979756015089579,0.8478,2.2266,0.97845,1.66785,2.0031,2.1148499999999997,54.57096666666666,3.3333333333333335e-05,0.8979666666666667
sic_major_group,80,Health Services,2022,8,1.5154,1.5260500000000001,0.11188934265603671,1.3247,1.6905,1.436725,1.6000999999999999,1.63331,1.661905,57.329412500000004,0.0005875,0.8993374999999999
sic_major_group,13,Oil & Gas Extraction,2023,9,1.4258444444444445,1.3004,0.5692231726194161,0.5097,2.642,1.1145,1.5059,2.13016,2.3860799999999998,51.80152222222223,0.028555555555555556,0.9096666666666666
sic_major_group,15,Building Construction,2023,5,1.8015600000000003,1.3866,0.9501341896805946,0.8916,3.6057,1.2938,1.8301,2.8954600000000004,3.25058,59.041239999999995,0.0050999999999999995,0.8978400000000001
sic_major_group,16,Heavy Construction,2023,3,1.3483333333333334,1.6926,0.5627477903604381,0.5548,1.7976,1.1237,1.7451,1.7766000000000002,1.7871000000000001,43.314899999999994,0.1104,0.9033000000000001
sic_major_group,20,Food & Kindred Products,2023,10,1.4558000000000002,1.3735499999999998,0.4918419258257677,0.6907,2.3676,1.1406999999999998,1.68515,2.17509,2.2713449999999997,43.331669999999995,0.0010500000000000002,0.901
sic_major_group,23,Apparel & Other Finished Products,2023,5,1.5325399999999998,1.3961,0.3239453447728489,1.2351,2.1529,1.3516,1.527,1.90254,2.0277199999999995,51.89516,0.0,0.89814
sic_major_group,25,Furniture & Fixtures,2023,6,1.7332,1.74975,0.886700409758937,0.5444,3.0346,1.013625,2.351775,2.70325,2.868925,55.044966666666674,0.04558333333333333,0.9061666666666667
sic_major_group,28,Chemicals & Allied Products,2023,33,1.5252151515151517,1.3508,0.6247284205696114,0.4909,3.2216,1.1334,1.7936,2.3527,2.8073599999999996,57.833409090909086,0.0017242424242424244,0.906160606060606
sic_major_group,30,Rubber & Miscellaneous Plastics,2023,4,1.23455,1.24755,0.2321826059376542,0.8946,1.5485,1.1412,1.3409,1.46546,1.50698,43.973225,0.00125,0.906725
sic_major_group,33,Primary Metal Industries,2023,7,1.5826571428571428,1.603,0.29604525646858626,1.048,2.0201,1.4512,1.75255,1.9229,1.9714999999999998,56.45400000000001,0.00024285714285714289,0.9063142857142857
sic_major_group,34,Fabricated Metal Products,2023,13,1.4967230769230768,1.3671,0.42266008920398096,0.8021,2.3097,1.1661,1.7681,2.0510200000000003,2.1723,53.40469230769231,0.0005384615384615384,0.9086999999999998
sic_major_group,35,Industrial Machinery & Equipment,2023,28,1.4837928571428574,1.3985500000000002,0.44212418175421797,0.6344,2.4727,1.19815,1.75835,2.17977,2.229815,49.39758571428572,0.003846428571428571,0.904257142857143
sic_major_group,36,Electronic & Electrical Equipment,2023,15,1.4115799999999998,1.223,0.556144041533606,0.8732,3.1125,1.0737999999999999,1.6684999999999999,1.87042,2.307779999999999,44.671260000000004,0.005979999999999999,0.9039
sic_major_group,37,Transportation Equipment,2023,16,1.36003125,1.31365,0.3726508330843197,0.6501,2.0669,1.250175,1.6241,1.7913999999999999,1.97,47.07553125,0.0096875,0.905575
sic_major_group,38,Measuring & Analyzing Instruments,2023,21,1.5608571428571432,1.4948,0.4956131407722382,0.854,2.4809,1.0765,1.8617,2.2362,2.2814,62.2588380952381,0.001223809523809524,0.9075666666666665
sic_major_group,44,Water Transportation,2023,3,1.4362666666666666,1.4285,0.026898616238675822,1.4079,1.4724,1.4182000000000001,1.45045,1.46362,1.46801,45.24363333333334,0.0,0.8977666666666666
sic_major_group,45,Transportation by Air,2023,4,1.468525,1.4274,0.2749093611992869,1.1798,1.8395,1.21745,1.678475,1.77509,1.8072949999999999,52.959425,0.0001,0.9096749999999999
sic_major_group,47,Transportation Services,2023,3,1.8418333333333334,1.8899,0.08237480736784084,1.7259,1.9097,1.8079,1.8998,1.90574,1.9077199999999999,55.04526666666667,0.0,0.9015999999999998
sic_major_group,48,Communications,2023,8,1.8350875,1.8693,0.5497647438620905,0.8551,2.5652,1.527075,2.240025,2.48841,2.526805,73.0053125,2.5e-05,0.9013625000000001
sic_major_group,49,"Electric, Gas & Sanitary Services",2023,22,1.1779636363636363,1.0936,0.5297297420258531,0.2422,2.5058,0.777775,1.626,1.7830200000000003,1.852585,56.58322727272727,0.017563636363636365,0.9033136363636364
sic_major_group,50,Wholesale Trade - Durable Goods,2023,3,1.7064333333333332,1.6282,0.2651940966328039,1.4279,2.0632,1.52805,1.8457000000000001,1.9762000000000002,2.0197000000000003,47.74693333333334,3.3333333333333335e-05,0.9054666666666668
sic_major_group,51,Wholesale Trade - Nondurable Goods,2023,5,1.8201999999999998,1.7426,0.34142185635954825,1.2817,2.2122,1.6998,2.1647,2.1932,2.2027,75.82644,4e-05,0.91546
sic_major_group,52,Building Materials & Hardware,2023,3,1.6634000000000002,1.6847,0.26745961688947856,1.3257,1.9798,1.5052,1.8322500000000002,1.92078,1.95029,48.99876666666666,0.0,0.9106666666666667
sic_major_group,58,Eating & Drinking Places,2023,11,1.6851818181818181,1.6944,0.8994278209639542,0.6615,3.6,0.9651000000000001,1.8136,3.1246,3.3623000000000003,59.49326363636363,0.035281818181818185,0.9061363636363637
sic_major_group,59,Miscellaneous Retail,2023,4,1.62185,1.2584499999999998,0.7368882971658595,1.0828,2.8877,1.1497,1.7306,2.4248600000000002,2.6562799999999998,69.76599999999999,0.002325,0.9130499999999999
sic_major_group,60,Depository Institutions (Banks),2023,28,1.2749285714285716,1.2452999999999999,0.417636755067934,0.4104,2.6133,0.9839249999999999,1.5003250000000001,1.6908299999999998,1.73052,65.69657857142856,0.008903571428571429,0.904042857142857
sic_major_group,61,Non-Depository Credit Institutions,2023,4,1.220275,1.26,0.2225696562314819,0.922,1.4391,1.047625,1.4326500000000002,1.43652,1.43781,40.4632,0.008375,0.90855
sic_major_group,62,Security & Commodity Brokers,2023,14,1.1784285714285712,1.33465,0.2889671568796392,0.6699,1.5208,0.9366749999999999,1.414225,1.48099,1.506955,44.77136428571428,0.011285714285714286,0.9005714285714286
sic_major_group,63,Insurance Carriers,2023,10,0.96585,0.83475,0.41555162675653196,0.5752,1.9829,0.6681,1.180725,1.3626199999999997,1.6727599999999994,49.751870000000004,0.0008799999999999999,0.9038400000000001
sic_major_group,64,Insurance Agents & Brokers,2023,4,1.3626999999999998,1.44285,0.44830467876211144,0.6609,1.9042,1.2086999999999999,1.5968499999999999,1.78126,1.8427299999999998,44.613275,0.029275,0.9123
sic_major_group,65,Real Estate,2023,3,1.6277666666666668,1.6975,0.4036777124830594,1.1022,2.0836,1.39985,1.8905500000000002,2.00638,2.04499,73.62310000000001,3.3333333333333335e-05,0.9067666666666666
sic_major_group,67,Holding & Investment Offices,2023,38,1.5270105263157898,1.3933499999999999,0.6350466732907256,0.4256,3.6408,1.008275,1.9038,2.199930000000001,2.566985,80.7944105263158,0.0036526315789473687,0.9044736842105264
sic_major_group,70,Hotels & Lodging Places,2023,3,1.6796,1.738,0.419268346845629,1.1394,2.1614,1.4386999999999999,1.9497,2.07672,2.11906,78.43053333333334,0.0011666666666666668,0.9062333333333333
sic_major_group,73,Business Services,2023,44,1.6082113636363642,1.4968,0.5399760500648109,0.7492,2.8783,1.18885,1.9131500000000001,2.3726300000000005,2.562055,64.63103863636364,0.008027272727272727,0.9076045454545457
sic_major_group,79,Amusement & Recreation Services,2023,3,1.4246999999999999,1.3612,0.1432862170622143,1.2898,1.6231,1.3255,1.49215,1.57072,1.59691,51.5428,0.0,0.8994666666666666
sic_major_group,80,Health Services,2023,9,1.5407777777777778,1.625,0.5372210010327382,0.6877,2.6069,1.2554,1.7399,2.0165800000000003,2.31174,60.88731111111112,0.07347777777777778,0.8999
sic_major_group,13,Oil & Gas Extraction,2024,9,1.3022,1.4003,0.33437441090290787,0.7152,1.7389,1.1412,1.5286,1.67794,1.7084199999999998,41.37435555555555,0.009266666666666666,0.9024777777777777
sic_major_group,15,Building Construction,2024,5,1.6503599999999998,1.7301,0.5826453384349694,0.8695,2.366,1.1097,2.1765,2.2902,2.3281,61.55399999999999,0.02084,0.8905000000000001
sic_major_group,16,Heavy Construction,2024,3,1.5020333333333333,1.6215,0.5088794050547625,0.8277,2.0569,1.2246,1.8392,1.9698200000000001,2.01336,50.18443333333334,0.016066666666666667,0.9040666666666667
sic_major_group,20,Food & Kindred Products,2024,11,1.4777818181818183,1.2741,0.46502847775589723,0.7961,2.4786,1.2144499999999998,1.75225,2.0481,2.26335,42.050872727272726,0.0003090909090909091,0.9034636363636366
sic_major_group,23,Apparel & Other Finished Products,2024,5,1.42884,1.3632,0.17743910053874823,1.2371,1.6446,1.264,1.6353,1.6408800000000001,1.64274,56.943200000000004,0.0,0.89804
sic_major_group,25,Furniture & Fixtures,2024,6,1.5657666666666668,1.4779499999999999,0.6506181026958561,0.816,2.704,1.01745,1.91055,2.341,2.5225,49.73038333333334,0.0004,0.9073333333333333
sic_major_group,28,Chemicals & Allied Products,2024,33,1.7101454545454546,1.6192,0.5468940732242613,0.6698,3.0668,1.3629,2.0439,2.4589000000000003,2.6809999999999996,71.52527575757574,0.0004333333333333333,0.9068363636363637
sic_major_group,30,Rubber & Miscellaneous Plastics,2024,4,1.000575,0.9844499999999999,0.06644130398329036,0.9341,1.0993,0.94295,1.0420749999999999,1.0764099999999999,1.087855,24.7654,0.00795,0.9069
sic_major_group,33,Primary Metal Industries,2024,7,1.5284142857142857,1.5637,0.5032647029392086,0.6261,2.2064,1.2854,1.86595,2.05244,2.1294199999999996,60.382114285714295,0.0031857142857142856,0.9047571428571428
sic_major_group,34,Fabricated Metal Products,2024,13,1.5503153846153848,1.3965,0.37618736298685784,1.0329,2.2742,1.308,1.9048,2.06794,2.17298,55.83281538461537,0.002692307692307692,0.9090615384615385
sic_major_group,35,Industrial Machinery & Equipment,2024,28,1.4535357142857142,1.4824,0.3909996238711067,0.8682,2.2028,1.1161750000000001,1.7279,1.9597100000000003,2.15087,44.84383214285714,0.006367857142857142,0.9043642857142856
sic_major_group,36,Electronic & Electrical Equipment,2024,16,1.36856875,1.2938999999999998,0.5583253976387225,0.6045,2.7392,0.98235,1.540875,2.11005,2.460725,47.16834375,0.0036937500000000004,0.9024375
sic_major_group,37,Transportation Equipment,2024,16,1.4398374999999999,1.50015,0.3977296473029764,0.5934,2.2381,1.21265,1.6328999999999998,1.8837,2.0986,50.484025,0.023075000000000002,0.9030750000000001
sic_major_group,38,Measuring & Analyzing Instruments,2024,22,1.6861136363636362,1.66235,0.4310868930500023,0.8277,2.546,1.4053499999999999,2.002275,2.18746,2.31213,64.43673636363636,0.00013636363636363634,0.9072045454545455
sic_major_group,44,Water Transportation,2024,3,1.9665,2.0553,0.15026625258742127,1.7549,2.0893,1.9051,2.0723000000000003,2.0825,2.0859,68.455,0.0,0.9119666666666667
sic_major_group,45,Transportation by Air,2024,4,1.8147000000000002,1.7819500000000001,0.2794196217161565,1.4855,2.2094,1.5941,2.00255,2.12666,2.16803,73.950075,0.0,0.909525
sic_major_group,47,Transportation Services,2024,3,1.8196666666666668,1.6283,0.5523314966776947,1.2595,2.5712,1.4439000000000002,2.0997500000000002,2.38262,2.47691,64.51966666666667,0.0,0.9093666666666667
sic_major_group,48,Communications,2024,8,1.78685,1.8392499999999998,0.45132268112737256,0.8016,2.3361,1.639125,2.091675,2.26554,2.30082,91.2413875,2.5e-05,0.902925
sic_major_group,49,"Electric, Gas & Sanitary Services",2024,22,1.1270227272727273,1.0848,0.38800838783320857,0.4237,1.7667,0.939375,1.3296999999999999,1.69995,1.706465,56.09933181818181,0.0009409090909090908,0.9038090909090909
sic_major_group,50,Wholesale Trade - Durable Goods,2024,3,1.6274,1.8029,0.24996433078874802,1.2739,1.8054,1.5384,1.80415,1.8049,1.8051499999999998,41.59993333333333,6.666666666666667e-05,0.8991333333333333
sic_major_group,51,Wholesale Trade - Nondurable Goods,2024,5,1.8482399999999999,1.8494,0.3727845361599646,1.4186,2.3996,1.4716,2.102,2.28056,2.34008,68.94896,0.0,0.9169600000000001
sic_major_group,52,Building Materials & Hardware,2024,3,1.9392333333333334,1.6422,0.48944846738162556,1.5463,2.6292,1.5942500000000002,2.1357,2.4318,2.5305,70.21983333333334,0.0,0.9043666666666667
sic_major_group,58,Eating & Drinking Places,2024,11,1.699518181818182,1.3819,0.9177901966811189,0.6912,3.4421,1.0383499999999999,1.9845000000000002,3.4416,3.44185,81.45198181818182,0.016290909090909092,0.909
sic_major_group,59,Miscellaneous Retail,2024,4,1.741525,1.2675,0.9966076193141411,0.99,3.4411,1.05765,1.951375,2.8452100000000007,3.1431549999999993,79.587075,0.00105,0.9123
sic_major_group,60,Depository Institutions (Banks),2024,28,1.2590499999999998,1.2788,0.43304208596196025,0.4057,2.2443,0.96085,1.5438,1.7957,1.81849,63.063732142857134,0.006685714285714286,0.9036714285714285
sic_major_group,61,Non-Depository Credit Institutions,2024,4,1.6904,1.78735,0.28229995572086086,1.2185,1.9684,1.64465,1.8331,1.91428,1.9413399999999998,56.014475,0.000925,0.913175
sic_major_group,62,Security & Commodity Brokers,2024,14,1.0823500000000001,1.0825,0.2947991998196157,0.4885,1.5935,0.871075,1.259175,1.4891200000000002,1.555995,39.13008571428571,0.05322142857142857,0.9002571428571429
sic_major_group,63,Insurance Carriers,2024,10,1.0935099999999998,0.9762500000000001,0.5166231497910251,0.3889,2.4554,0.897875,1.17755,1.4234599999999995,1.9394299999999989,60.94435,0.03742,0.89731
sic_major_group,64,Insurance Agents & Brokers,2024,4,1.32125,1.2816999999999998,0.47098503957132226,0.6979,2.0237,1.111,1.4919499999999999,1.811,1.9173499999999997,45.203175,0.000875,0.91585
sic_major_group,65,Real Estate,2024,3,1.8209000000000002,1.5475,0.5090899789493668,1.3808,2.5344,1.46415,2.04095,2.3370200000000003,2.4357100000000003,60.596000000000004,0.0,0.9074
sic_major_group,67,Holding & Investment Offices,2024,38,1.498371052631579,1.4158,0.5169971627265599,0.6721,2.7658,1.0758999999999999,1.8845,2.2621,2.3406249999999997,74.9653710526316,0.0031078947368421055,0.9035605263157895
sic_major_group,70,Hotels & Lodging Places,2024,3,1.9996,1.7054,0.5535799370160254,1.5184,2.775,1.6118999999999999,2.2401999999999997,2.56108,2.66804,96.0421,0.0,0.9052333333333333
sic_major_group,73,Business Services,2024,45,1.6380666666666666,1.6211,0.4980219633710947,0.7511,3.0601,1.2968,1.9683,2.20008,2.4459599999999995,58.055748888888886,0.006753333333333334,0.9082666666666667
sic_major_group,79,Amusement & Recreation Services,2024,4,1.46085,1.4965,0.1791620007144372,1.2064,1.644,1.335925,1.621425,1.6349699999999998,1.6394849999999999,44.551475,2.5e-05,0.9072999999999999
sic_major_group,80,Health Services,2024,9,1.5433333333333337,1.5832,0.47223603796783187,0.8134,2.5947,1.3456,1.5958,2.02686,2.31078,61.33398888888889,0.02698888888888889,0.8993111111111111
